{"cameraMode":{"drawMode":0,"name":"Shaded","section":"Shading Mode"},"sceneLighting":true,"audioPlay":false,"sceneViewState":{"m_AlwaysRefresh":false,"showFog":true,"showSkybox":true,"showFlares":true,"showImageEffects":true,"showParticleSystems":true,"showVisualEffectGraphs":true,"m_FxEnabled":true},"in2DMode":false,"pivot":{"x":-6.440869331359863,"y":5.694772720336914,"z":3.8113811016082765},"rotation":{"x":0.013037062250077725,"y":-0.16574852168560029,"z":-0.0020259602461010219,"w":-0.9864031076431274},"size":1.2783176898956299,"orthographic":false}